id,person_id,company_id,job_title,is_current_job,company_email
1,81,24,Research Assistant II,true,lervin0@dyndns.org
2,43,9,Director of Sales,false,
3,48,25,Biostatistician IV,false,nkeat2@sbwire.com
4,6,8,Programmer I,false,
5,49,2,Analyst Programmer,true,lfucher4@bluehost.com
6,21,6,VP Marketing,false,pcurgenuer5@howstuffworks.com
7,40,24,Technical Writer,true,gellicott6@msu.edu
8,96,28,Media Manager I,false,mslafford7@aboutads.info
9,68,16,Sales Representative,true,iparlor8@barnesandnoble.com
10,61,29,Human Resources Manager,true,
11,44,30,VP Product Management,true,dstquintina@comsenz.com
12,35,21,Marketing Manager,false,hhurticb@fotki.com
13,25,22,Recruiting Manager,true,hbalmac@latimes.com
14,23,9,Financial Advisor,true,afaucettd@eepurl.com
15,11,1,Environmental Tech,true,beliasene@de.vu
16,98,18,VP Marketing,false,jhaylettf@parallels.com
17,92,5,Senior Cost Accountant,false,mfarlamg@reference.com
18,89,21,Web Designer III,true,eshovellh@dell.com
19,26,22,Research Nurse,false,
20,31,23,Health Coach IV,true,agrealishj@google.ca
21,56,21,Speech Pathologist,true,kcunniffek@answers.com
22,35,29,Community Outreach Specialist,false,geriel@wired.com
23,25,5,Software Consultant,true,cilievem@usatoday.com
24,37,24,Computer Systems Analyst II,true,srodbournen@bizjournals.com
25,48,28,Senior Financial Analyst,true,mkohtlero@moonfruit.com
26,99,3,Marketing Assistant,true,sbugdellp@artisteer.com
27,63,5,Automation Specialist I,false,jwetherburnq@ox.ac.uk
28,82,19,Physical Therapy Assistant,true,hsmewingsr@yolasite.com
29,81,7,Staff Accountant I,false,
30,33,17,Marketing Assistant,false,fgivet@smh.com.au
31,30,11,Engineer II,true,mdemougeotu@delicious.com
32,95,9,VP Marketing,true,ckabschv@hibu.com
33,43,4,Media Manager II,false,ailymanovw@wunderground.com
34,27,25,Community Outreach Specialist,false,chischkex@earthlink.net
35,46,15,Help Desk Operator,true,pmayberyy@eepurl.com
36,10,10,Data Coordiator,true,mwilkissonz@fema.gov
37,81,19,Statistician IV,false,ndeavenell10@delicious.com
38,95,22,Sales Representative,false,zbenham11@icio.us
39,9,1,Sales Representative,true,cpues12@samsung.com
40,32,14,Staff Scientist,true,cdudgeon13@sciencedirect.com
41,27,25,Legal Assistant,false,
42,26,25,Electrical Engineer,false,pspittal15@last.fm
43,49,12,Nuclear Power Engineer,true,aritson16@usgs.gov
44,89,17,Financial Advisor,false,nlaybourn17@technorati.com
45,11,7,Human Resources Assistant II,true,kiddens18@adobe.com
46,68,26,Financial Advisor,false,tlissimore19@yandex.ru
47,4,10,Graphic Designer,false,
48,62,3,Web Developer III,true,fjeanon1b@1688.com
49,59,20,Engineer I,false,pmilleton1c@amazon.de
50,95,5,Human Resources Assistant IV,true,aledur1d@ow.ly
51,10,8,Professor,true,gwannop1e@skyrock.com
52,61,9,Design Engineer,false,chiggen1f@phoca.cz
53,7,11,Senior Developer,true,hdohms1g@nasa.gov
54,11,7,Recruiting Manager,false,amckevany1h@ameblo.jp
55,4,6,Internal Auditor,true,igrindle1i@hud.gov
56,88,16,Engineer IV,true,
57,57,7,Computer Systems Analyst I,true,ckarolyi1k@desdev.cn
58,26,22,Web Developer II,true,twherry1l@technorati.com
59,39,15,Account Executive,true,odepper1m@goodreads.com
60,95,22,Geologist III,false,
61,3,23,Clinical Specialist,false,rimlock1o@tuttocitta.it
62,12,3,Electrical Engineer,true,oreinmar1p@bing.com
63,68,16,Mechanical Systems Engineer,true,bvanzon1q@reuters.com
64,9,12,Recruiting Manager,false,mannett1r@hud.gov
65,17,15,Analog Circuit Design manager,true,gbarca1s@fda.gov
66,75,2,Cost Accountant,false,bheggman1t@msu.edu
67,31,24,VP Sales,false,skilgallon1u@nydailynews.com
68,77,24,Structural Analysis Engineer,true,rdieton1v@bluehost.com
69,49,1,Chemical Engineer,true,gtorri1w@creativecommons.org
70,51,29,Analyst Programmer,true,cosiaghail1x@auda.org.au
71,84,5,Design Engineer,false,nwindeatt1y@ebay.co.uk
72,48,17,Account Representative IV,false,washmole1z@wsj.com
73,26,5,Account Representative I,true,rpotte20@godaddy.com
74,37,1,Physical Therapy Assistant,false,slynas21@newyorker.com
75,38,29,Environmental Specialist,true,
76,75,16,VP Marketing,false,lsimmen23@sfgate.com
77,78,7,Structural Engineer,true,tdillicate24@bizjournals.com
78,18,15,Software Engineer III,false,
79,5,11,Desktop Support Technician,false,gwillan26@ebay.co.uk
80,59,22,Biostatistician II,false,alewing27@nationalgeographic.com
81,51,29,Senior Editor,false,
82,70,24,Systems Administrator II,false,
83,10,2,Programmer II,true,erockell2a@noaa.gov
84,18,4,Recruiting Manager,false,btomovic2b@independent.co.uk
85,76,13,Internal Auditor,true,
86,60,23,VP Accounting,true,jmcaloren2d@g.co
87,95,27,Software Test Engineer IV,true,pcaulwell2e@dailymotion.com
88,42,11,Physical Therapy Assistant,true,cascrofte2f@chron.com
89,22,13,Desktop Support Technician,false,cbeche2g@gmpg.org
90,95,12,Structural Engineer,true,jcatlin2h@cam.ac.uk
91,21,14,Community Outreach Specialist,false,wranstead2i@dmoz.org
92,69,29,Teacher,false,
93,90,23,VP Sales,false,wkezar2k@cmu.edu
94,84,6,Social Worker,true,ogripton2l@ftc.gov
95,39,21,Civil Engineer,false,icass2m@wunderground.com
96,88,30,Media Manager I,true,fcullinan2n@uol.com.br
97,77,28,Marketing Assistant,true,sblower2o@4shared.com
98,34,12,Administrative Assistant II,false,ofrostdick2p@indiegogo.com
99,92,25,Media Manager I,false,sbotger2q@nydailynews.com
100,53,2,Senior Financial Analyst,false,rkneath2r@storify.com
101,71,27,Social Worker,true,
102,5,1,Pharmacist,false,cfidler2t@yellowbook.com
103,22,17,Structural Analysis Engineer,false,emaxwell2u@howstuffworks.com
104,80,30,Business Systems Development Analyst,true,cmetts2v@gravatar.com
105,76,6,Quality Control Specialist,false,gsurfleet2w@bluehost.com
106,98,2,Junior Executive,true,cbanger2x@ebay.co.uk
107,17,23,Assistant Professor,true,cmcrory2y@reuters.com
108,55,21,Project Manager,false,nbeaton2z@wordpress.org
109,27,11,Web Developer III,true,jweymouth30@oakley.com
110,52,7,Recruiting Manager,true,akimmerling31@slate.com
111,82,11,Operator,true,claurenson32@dailymail.co.uk
112,41,14,Assistant Media Planner,false,
113,56,12,GIS Technical Architect,false,abrabon34@bigcartel.com
114,85,15,Project Manager,true,cshwenn35@jugem.jp
115,55,28,Tax Accountant,false,blancetter36@discuz.net
116,81,17,Marketing Manager,true,hbertenshaw37@upenn.edu
117,82,29,Recruiting Manager,true,
118,21,26,Physical Therapy Assistant,true,gmcveighty39@prweb.com
119,52,8,Food Chemist,true,
120,37,19,Dental Hygienist,false,lbain3b@newyorker.com
121,71,11,Human Resources Assistant II,true,kcouthard3c@va.gov
122,3,14,Structural Analysis Engineer,false,sstowgill3d@cmu.edu
123,11,11,Senior Financial Analyst,false,
124,36,6,Sales Representative,true,lbelhome3f@sphinn.com
125,62,28,Accounting Assistant IV,true,agirkin3g@java.com
126,98,11,GIS Technical Architect,false,dharland3h@salon.com
127,43,16,Environmental Specialist,true,boakes3i@stanford.edu
128,32,3,Technical Writer,true,hfinneran3j@dagondesign.com
129,21,24,Engineer III,false,dfuge3k@sciencedirect.com
130,24,24,Sales Representative,true,eead3l@jalbum.net
131,37,18,Professor,false,gdefraine3m@instagram.com
132,59,24,Senior Cost Accountant,false,brosenwasser3n@sitemeter.com
133,50,17,Developer III,true,mhalsted3o@pinterest.com
134,40,14,Editor,false,abarkas3p@bandcamp.com
135,84,21,Internal Auditor,false,bwinsper3q@edublogs.org
136,94,5,Account Executive,true,iblenkin3r@tripod.com
137,76,3,Director of Sales,true,kedleston3s@google.fr
138,70,12,Editor,true,lmulqueeny3t@samsung.com
139,77,15,Research Nurse,false,sharrop3u@gnu.org
140,35,24,Nuclear Power Engineer,false,cfaltskog3v@123-reg.co.uk
141,2,1,VP Quality Control,false,croy3w@feedburner.com
142,97,17,Research Assistant II,false,
143,5,18,GIS Technical Architect,false,
144,8,4,Senior Cost Accountant,true,zlevitt3z@amazon.co.uk
145,11,11,Actuary,false,rtrude40@creativecommons.org
146,54,21,Marketing Assistant,true,kwoolgar41@uiuc.edu
147,54,12,Nurse,true,pgatecliff42@stumbleupon.com
148,99,12,Research Assistant III,false,cjoust43@hc360.com
149,5,28,Research Associate,false,
150,85,6,Quality Control Specialist,true,jcasswell45@google.ca
